title,content,type,level,field,applications,related_theories
"قانون الانبثاق من الصفر","قانون فيزيائي ثوري ينص على إمكانية انبثاق المادة والطاقة من الفراغ الكمي المتوازن","physics","advanced","quantum_physics","الفيزياء الكمية، نظرية الأوتار، الكوسمولوجيا","ثنائية الصفر، تعامد الأضداد"
"نظرية التوازن الديناميكي","نظرية تصف كيفية تحقيق التوازن في الأنظمة الديناميكية المعقدة","physics","intermediate","dynamics","الهندسة، الطيران، الروبوتات","نظرية الفتائل"
"مبدأ الترابط الفتيلي","مبدأ يصف الترابط بين الجسيمات على المستوى الكمي","physics","advanced","quantum_mechanics","الحوسبة الكمية، الاتصالات الكمية","نظرية الفتائل، ثنائية الصفر"
"قانون حفظ التوازن الثوري","قانون ينص على أن التوازن الثوري محفوظ في جميع التفاعلات","physics","advanced","conservation_laws","الفيزياء النووية، الكيمياء الكمية","ثنائية الصفر، تعامد الأضداد"
"نظرية الموجات المتعامدة","نظرية تصف انتشار الموجات في أوساط متعامدة","physics","intermediate","wave_physics","الصوتيات، البصريات، الاتصالات","تعامد الأضداد"
"مبدأ التكامل الثوري في الكيمياء","مبدأ يطبق النظريات الثورية في التفاعلات الكيميائية","chemistry","advanced","chemical_reactions","الصناعات الكيميائية، الطب، البيئة","ثنائية الصفر، نظرية الفتائل"
"نظرية البنية الجزيئية المتوازنة","نظرية تصف ترتيب الذرات في الجزيئات وفق مبادئ التوازن الثوري","chemistry","intermediate","molecular_structure","تصميم الأدوية، المواد الجديدة","ثنائية الصفر، تعامد الأضداد"
"قانون التفاعل المتعامد","قانون يحكم التفاعلات الكيميائية المتعامدة","chemistry","advanced","reaction_kinetics","الحفز، الصناعات الدوائية","تعامد الأضداد"
"نظرية الخلايا المتوازنة","نظرية بيولوجية تطبق مبادئ التوازن الثوري على الخلايا الحية","biology","advanced","cell_biology","الطب، البحوث الطبية، العلاج الجيني","ثنائية الصفر، نظرية الفتائل"
"مبدأ التطور المتوازن","مبدأ يصف التطور البيولوجي وفق قوانين التوازن الثوري","biology","advanced","evolution","علم الأحياء التطوري، البيئة","ثنائية الصفر، تعامد الأضداد، نظرية الفتائل"
"نظرية الشبكات العصبية المتعامدة","نظرية تطبق مبادئ التعامد على الشبكات العصبية البيولوجية","biology","advanced","neuroscience","علم الأعصاب، الطب النفسي، الذكاء الاصطناعي","تعامد الأضداد، نظرية الفتائل"
"قانون التوازن البيئي الثوري","قانون يحكم التوازن في النظم البيئية","biology","intermediate","ecology","حماية البيئة، التنمية المستدامة","ثنائية الصفر، نظرية الفتائل"
"نظرية المعلومات المتوازنة","نظرية تطبق مبادئ التوازن الثوري على نقل ومعالجة المعلومات","computer_science","advanced","information_theory","الاتصالات، الحوسبة، الذكاء الاصطناعي","ثنائية الصفر، تعامد الأضداد"
"خوارزميات التحسين المتعامدة","خوارزميات تحسين تستخدم مبادئ التعامد الرياضي","computer_science","advanced","optimization","الذكاء الاصطناعي، البحث العملياتي","تعامد الأضداد"
"نظرية قواعد البيانات الفتيلية","نظرية تنظيم قواعد البيانات وفق مبادئ الترابط الفتيلي","computer_science","intermediate","database_theory","إدارة البيانات، البيانات الضخمة","نظرية الفتائل"
"مبدأ الأمان المتوازن","مبدأ أمان المعلومات باستخدام التوازن الثوري","computer_science","advanced","cybersecurity","أمن المعلومات، التشفير","ثنائية الصفر، تعامد الأضداد"
"نظرية الطاقة المتجددة المتوازنة","نظرية تطبق مبادئ التوازن الثوري على مصادر الطاقة المتجددة","engineering","advanced","renewable_energy","الطاقة الشمسية، طاقة الرياح، الطاقة المائية","ثنائية الصفر، نظرية الفتائل"
"مبدأ التصميم المتعامد","مبدأ تصميم هندسي يطبق التعامد في البنى والآلات","engineering","intermediate","design","الهندسة المعمارية، الهندسة الميكانيكية","تعامد الأضداد"
"نظرية المواد الذكية المتوازنة","نظرية تطوير مواد ذكية تطبق مبادئ التوازن الثوري","engineering","advanced","materials_science","الطيران، الفضاء، الطب","ثنائية الصفر، نظرية الفتائل"
"قانون الكفاءة الثورية","قانون يحكم كفاءة الأنظمة الهندسية المتوازنة","engineering","intermediate","efficiency","الطاقة، النقل، الصناعة","ثنائية الصفر، تعامد الأضداد"
"نظرية الرياضيات التطبيقية المتوازنة","تطبيق النظريات الرياضية الثورية في المسائل العملية","mathematics","advanced","applied_mathematics","الهندسة، الفيزياء، الاقتصاد","ثنائية الصفر، تعامد الأضداد، نظرية الفتائل"
"مبدأ الإحصاء الثوري","مبدأ إحصائي يطبق التوازن في تحليل البيانات","mathematics","intermediate","statistics","البحوث، التسويق، الطب","ثنائية الصفر"
"نظرية الهندسة الفراغية المتعامدة","نظرية هندسية تطبق التعامد في الفراغات متعددة الأبعاد","mathematics","advanced","geometry","الفيزياء النظرية، الحوسبة","تعامد الأضداد"
"قانون التحليل العددي المتوازن","قانون للتحليل العددي باستخدام التوازن الثوري","mathematics","advanced","numerical_analysis","الحوسبة العلمية، المحاكاة","ثنائية الصفر، نظرية الفتائل"
"نظرية الاقتصاد المتوازن","نظرية اقتصادية تطبق مبادئ التوازن الثوري","economics","advanced","economic_theory","السياسة الاقتصادية، التخطيط","ثنائية الصفر، تعامد الأضداد"
"مبدأ التسويق المتعامد","مبدأ تسويقي يطبق التعامد في استراتيجيات السوق","economics","intermediate","marketing","الأعمال، التجارة الإلكترونية","تعامد الأضداد"
"نظرية الإدارة المتوازنة","نظرية إدارية تطبق التوازن الثوري في القيادة","management","intermediate","leadership","إدارة الأعمال، الموارد البشرية","ثنائية الصفر، نظرية الفتائل"
"قانون الجودة الثورية","قانون ضمان الجودة باستخدام مبادئ التوازن","management","advanced","quality_control","الصناعة، الخدمات","ثنائية الصفر، تعامد الأضداد"
"نظرية التعلم المتوازن","نظرية تعليمية تطبق التوازن الثوري في التعلم","education","advanced","learning_theory","التعليم، التدريب","ثنائية الصفر، نظرية الفتائل"
"مبدأ التقييم المتعامد","مبدأ تقييم تعليمي يطبق التعامد في القياس","education","intermediate","assessment","التعليم، التقييم","تعامد الأضداد"
